old_name,new_name
00850c98cd55be86f15e61a93535d0d960a73706.sql,9a0.sql
01ea9952ab8c0e3b9171aa3fc4c37e64b5d3cd8c.sql,9a1.sql
0230122a8a37d38608ed173e08f104f8518f912b.sql,9a2.sql
02ecdf9e02fd4ea662d3caf7d471543d15ecbbc9.sql,9a3.sql
03dcf071794f72d4f62c16fe2b3cabb7c47db737.sql,9a4.sql
03ee6e1597d54655c57b9b3daae0719584a199ef.sql,9a5.sql
05d86a8dd0274da78805545a176079f8e14f7e7d.sql,9a6.sql
08628b43498bbfe68102240cfef7982f0a713fb1.sql,9a7.sql
099f6aafc67b5fc5765c8304f81886e4d8d74819.sql,9a8.sql
0a3ff163637f3c0ddf6b3e73147ecbdc4baef2e1.sql,9a9.sql
0a736cc23a466645001f0f5d7e79af36fa1e3d24.sql,9a10.sql
0b40867a2f54ca042416c9915ef41539da1b69d6.sql,9a11.sql
0b608f432e9258701e655e28530b036cb758c068.sql,9a12.sql
0bd46d69c2ae1f2f33e45d5b5bf7ceca759e3f58.sql,9a13.sql
0cadbb76abba2b784d9b33d40c750440c55925a8.sql,9a14.sql
0ddc9a2c8d280015499ad35873ff255c1411d8e2.sql,9a15.sql
0f2e40d1db257728f44a11cc173b4ff17c76ff24.sql,9a16.sql
104a9e5786a5f909a342459863e5a6ee9d6b0e7f.sql,9a17.sql
10f5e2ce79cae8e5ce3885b27bdd921aedde9ce5.sql,9a18.sql
1145461b821576fc603c930832b7969dcf3bf4ba.sql,9a19.sql
11aadeb8aafb8b088b4a71080892abba4e34acda.sql,9a20.sql
13984cac61a72b27f27bb0524393094255ccfaa0.sql,9a21.sql
13a64c91cab0b24cd8869ca3b11bbf533873492a.sql,9a22.sql
13fcacdd170bfed567c049437ec3daf7764ea9ff.sql,9a23.sql
151a2d3692477bc53f0ac19d57b336d26904a925.sql,9a24.sql
1520cabc1c7f30f8956c8c80c9a45d4a5bb3e490.sql,9a25.sql
17d48bffc900586dd1329991f2c940ca7fe6ce9f.sql,9a26.sql
196355cdba0bba3bc7ae99c9716c0191a47592f0.sql,9a27.sql
1a525ad737efdb2d8a7a12cf5f2a21a69b289cdc.sql,9a28.sql
1a718f97a1ae6163338aa71d4cd82b989fc1056b.sql,9a29.sql
1ad57987d8031289b14b27a875d709cd2a849499.sql,9a30.sql
1b9aa2ffb7569014904295bd14a57e40e15ce4b7.sql,9a31.sql
1c41062f012b77d7532a4a4d486decae0b4279f8.sql,9a32.sql
1c6c1ff344b4293ac24d8511385df16ca74d43b8.sql,9a33.sql
1f206fc519e5fdd1942dda1da15611ccdfa4403e.sql,9a34.sql
1f8e51b626da312936f2293e4d71256bbbf0de98.sql,9a35.sql
21d3e88d8ec97b864e8ee33ecf3dcb5c2cfdc815.sql,9a36.sql
240d328636588d119279544e678a1b65e267acdf.sql,9a37.sql
254a6289ca41a9bf8b861300519d3390cdc0e9a0.sql,9a38.sql
254ab9a6a792ba28395202f5a0191025a5f93b3a.sql,9a39.sql
2653c7b7647215e0798d57ef21fb8818f5e865e6.sql,9a40.sql
26fe30b3b6472d9b9ce6ecb82a30bda941f51ef8.sql,9a41.sql
29907e25dd35ee154a47ddd0edd2a9344fb90677.sql,9a42.sql
29b7bfa9bc3fabd33fe8d1e2eb29ee5c11c4dee7.sql,9a43.sql
2a254492fdb4347ddbdaf67c26964862c68e3cda.sql,9a44.sql
2ae78655deff663fda15fa6e1090fb5b8890e4f5.sql,9a45.sql
2c69c2ed31707a00b36d393d09f6b0dfda51a3b1.sql,9a46.sql
2d790f0d53eae2fe7850d09846543bae605bf641.sql,9a47.sql
2e07e6278117c17d35ec4ef4831e9109e7f2f36e.sql,9a48.sql
322e85766244cbbf3656537a685afffa885c5a86.sql,9a49.sql
328455c9c30fb813fc053036f31f9ca1f13a669c.sql,9a50.sql
32a858a785c21b3ae61f8a230cd0f574cffc30a8.sql,9a51.sql
339a56030b35d6aaa84ee5288ac9527763aa6693.sql,9a52.sql
34041deaa4fb334617168a040ed3b5f1c3aead13.sql,9a53.sql
340e2ff8c0f38f862fec6e75d8a4f9ada075c779.sql,9a54.sql
34a84907c1ae401d2524c78037b07913bbc32cd7.sql,9a55.sql
35cf443448eb4c287e36ca7874b8c95ae1fa6887.sql,9a56.sql
367ec8ab1c249cd2c53bab65feb6dc6242d14895.sql,9a57.sql
37623c07089ee44c4fadbb6f0ac8a90a60e8828d.sql,9a58.sql
389e48554c3cb9edb7c4112629fd1fb8a117c7c6.sql,9a59.sql
38f55ff8d33818ae74e3439ed232e2a945d44262.sql,9a60.sql
3a9dacef4c42efd2d22d80b8a7f9c591c895ac7b.sql,9a61.sql
3ab26e44f24ae26dc6fcbdc3a4e76e523ef14a68.sql,9a62.sql
3b34959f8b6b1060c0c4b54c557129399d0fb1c5.sql,9a63.sql
3b3b767d05efe0c255e9acb2ed5503f0903605eb.sql,9a64.sql
3df997dccc092b716e87a2ebbe7cfe87650ca4ef.sql,9a65.sql
3e43f31bf83a6037ddef710390708751ce2fe984.sql,9a66.sql
3f3a6dbc4eb63ebd0e65fc7b5c80859e3eef92ef.sql,9a67.sql
40071b9ec23eb8b0ad36d90c153f41f1e02ca33e.sql,9a68.sql
4028ee15d28cbb77e74183bcea1fd320788f8c34.sql,9a69.sql
40f0e1be351c07b6d13cb7a69efa320cfa9aa8fe.sql,9a70.sql
40f1c272467baf0eb8bc59474831c0246b4bbe27.sql,9a71.sql
4191d424666107af91ad788674f5af01cbe51bdd.sql,9a72.sql
43627cc02adeeeebc4eb834e0cdfc673e2d4e9f5.sql,9a73.sql
44778569c80db0c351f48486b058054fdaf6b508.sql,9a74.sql
45b41783c5551ddab9f14727bf52b11b0a61c667.sql,9a75.sql
49cf10fed43de7f0f869bd21cea1860eae4eb78c.sql,9a76.sql
4a0b3b6627346f2cb7b2060326f1b23a254383a7.sql,9a77.sql
4e09b6a8a2927260782ed5cacdb7c1939f2a2a6a.sql,9a78.sql
4e2a677fdb5a8ec1db8ff154505faf7155f6c560.sql,9a79.sql
4f8dfabebcd6697d25f857cb6da088718e40295c.sql,9a80.sql
506637fa5a475de28744330926501f4632ea343b.sql,9a81.sql
5179d0270c1f77cf14ca35ec38a9e646343dc22e.sql,9a82.sql
52e18a7845cb78050ca131549e4f728b2fa38728.sql,9a83.sql
533aeb6fea7e7988599e9938e687b766e158b788.sql,9a84.sql
54f7e2e39c9106a15a816c1d52fe7ec6d8d64501.sql,9a85.sql
561814af1af345cc927057822b876833f0933ae3.sql,9a86.sql
5734e08559b1e40d8828374bac590bebd628f524.sql,9a87.sql
57eafb8852752c922d9f32f869e3e2efb0f67c94.sql,9a88.sql
593d5cb1c7f268a6b9d4028e2d9425104a738a52.sql,9a89.sql
5ab232cf39bd8f99acc6ee3547be2a2d9b11d1b4.sql,9a90.sql
5af062c4311006eed308e1dd98d3bf4fd2494f12.sql,9a91.sql
5b32cc053d43c85b090f408e7d6cd51f3c5e7c66.sql,9a92.sql
5c5a1d30e18de2520aa2bd7a9b53f466464776b8.sql,9a93.sql
5d2e25022a071c09169c09d7fac368a97154491c.sql,9a94.sql
5f81977e9fee5becc61d6c7e687c9eac35e6b2f8.sql,9a95.sql
60970bf8a9a1d5b68cdcc429cd404ab984a071fd.sql,9a96.sql
6449776ada50079718a39ca09efd9f75a18f7e59.sql,9a97.sql
6480da393620669803e41fe49e3a719c5d58fc16.sql,9a98.sql
64e2c3aefbd7b4dedddb4026830270f3a89bc0d3.sql,9a99.sql
65daf5b5d6084862c6c1b6cd6803bab8560edc0a.sql,9a100.sql
6887f00faa2a6b3f991ab05ba22e4e152fc632ec.sql,9a101.sql
6af39ccc4b49ef39270857d825d5c1fc586841d8.sql,9a102.sql
6b32d8feb232f35041c2f65e4df5078d99060673.sql,9a103.sql
6ba1a0ae373bbf41b8cd86f2a3413b57bc13b9a5.sql,9a104.sql
6bd809047ed531d3a3a5fbf16049859d14be464e.sql,9a105.sql
6c3d5ca832e6f8931497b4ae2342dc511825b78f.sql,9a106.sql
6ca87de2e5d6f5663e71b267a09d22ed565a4534.sql,9a107.sql
6f901e8fa55e77147409d40ae77d501b87fc4744.sql,9a108.sql
6fb8d4aed628e5f84ad0dd17e4720b7520b29640.sql,9a109.sql
70c8a9c4ec7fec3303e36df8eb820372cb4a7067.sql,9a110.sql
710f405b622971fcb9b0f8c800bde269e5e8a4c0.sql,9a111.sql
7285051fa430e857fd07a3857e0c1d634b35d02a.sql,9a112.sql
728dcf2ca594d49625901b787a2834bcaeffec88.sql,9a113.sql
737149e1d1c4b2b32ca7b2df42f8a4aec2f76b16.sql,9a114.sql
74bf62652aa48baf66cfda68284d7cdb0a395f35.sql,9a115.sql
752b76b69f1dd9628667893f45fc590111549b86.sql,9a116.sql
76654b2350bee2e45069cf9d71d9a03bf5bfcded.sql,9a117.sql
77f691b6aa44eef247868ee8843ec0c52006120c.sql,9a118.sql
788495e65154230939384883b03c77b2a73ebf5c.sql,9a119.sql
78f6cba291d9b2c85fccd995b9b584b0c36999e9.sql,9a120.sql
78fc39ab48d6764c2aa3df52f1c75f97c3e88c08.sql,9a121.sql
797dc37a0c0b36a626498c51d3c8b4658ba38c13.sql,9a122.sql
7a17ddd9febaa65780f8dcb6fb3fab2d3c93f471.sql,9a123.sql
7aa24f478f812bc32060ff4eeed109e7d6c46f8d.sql,9a124.sql
7b1fde8c654bd1724fe51ec7cf67f6fc52d43226.sql,9a125.sql
7b32ef46de39db216138270383bf9f9fc2df08aa.sql,9a126.sql
7b8f45d8d8fa48731e8766895c7dacb5a38b6b6e.sql,9a127.sql
7bd8601df5da8b23988d64998a75c2884046ebab.sql,9a128.sql
7bea8860514731482af916c5b97a12f82c92bc5e.sql,9a129.sql
7c0825c0e0f0be0caa69b4020e1e4c361f8ce849.sql,9a130.sql
7c2bbfb25ac0f6e1f5206459bbce76bf66b9e8f6.sql,9a131.sql
7c4750e2cadc1375564d071e9fe2c55483d733ba.sql,9a132.sql
7c92300106cdbc3677dda8aac1ba4caa5f0c0780.sql,9a133.sql
7d02a8c62dc9f49b8542028cb00b31ba1d76ff7e.sql,9a134.sql
7d62fd470bf635904e61a6e8b22d86e4cfb86c59.sql,9a135.sql
7e2ddef6e8f4f2771387a891c265b48eea23642f.sql,9a136.sql
8261c3bd6a1f631f31819c3c9a77c70f51bfab78.sql,9a137.sql
8285f4b21436fe50cbdc9c6bd1118228b88731d4.sql,9a138.sql
82a2ab0a529e31c247d42a0af34bed8b326f40e5.sql,9a139.sql
852903c4ae45a11d5ed9cc9dfe4fdf06e49f04d1.sql,9a140.sql
8557eb2a77cea9812ead2aac9978af74c9795764.sql,9a141.sql
86918e418117b332c94df5327ace88b0991d7e97.sql,9a142.sql
88190c65df23dec9bfc45ed75a787434b8b783bc.sql,9a143.sql
88db28108227f0931dc5617a6a8e365db215a924.sql,9a144.sql
890a7f1949fcb425856898caa1da68c3895c6cdc.sql,9a145.sql
8aee90190163c92418254ced3a114794fb8cb054.sql,9a146.sql
8b681969d36fe604d263a4471497942e5605d137.sql,9a147.sql
8cd39bdf734be1e0291df0492ef34fcb170ff582.sql,9a148.sql
8cf4026ec92705692d061f3fb0ad821129a9c285.sql,9a149.sql
8f984f66304f49125cb845a60a16ab767a10390e.sql,9a150.sql
8ffcfd4064d6323da86728a2bacd034ee44cd562.sql,9a151.sql
900e3b0989a452f014225e3e0924eb66bfd2b492.sql,9a152.sql
9028f193a1dc6d229e6d468478acc9ff02ec5714.sql,9a153.sql
912225dafd19dfb17a0e444ccdb2902e0ad2c685.sql,9a154.sql
91523a4b926e08cc2334c8d2b5ebd393604fadac.sql,9a155.sql
916f5605a0cb233ffa9667cb8f79ee9992ac52f7.sql,9a156.sql
921a08fca0a7c7e8d0d505db3860f3c3a98a17b1.sql,9a157.sql
946762db25770d099dda595ce77f1730d99236cd.sql,9a158.sql
94ee779d59161c1aea0046876f7e871ac76140df.sql,9a159.sql
955fab9fe3b04410511e841af7a70c8fef97bbe7.sql,9a160.sql
9713d7aeeec46c04f0f9afa2abf02d32f98e96ca.sql,9a161.sql
996025dfa3f9d6301678841d15227cabf9f1681e.sql,9a162.sql
998134ce479e4e9dfddb45acdb47e2d553ac4e8f.sql,9a163.sql
9a2a82a7e763f36232c8b75f5f5a605fb2d3412e.sql,9a164.sql
9a8171432558601ce47cdc5fe9f729826b581e67.sql,9a165.sql
9b778e5062365e4406a548bba0d274112513f5be.sql,9a166.sql
9c4fc21204316eb8a7e066ebf9c6d57f66777c1a.sql,9a167.sql
9cace671ad33d88b062bd49f85bcb1394180b4e1.sql,9a168.sql
9d73478af7f996de0f12eed2b324ae7f2d63e16d.sql,9a169.sql
a0ab2f6d6bc15fcccf1966b144dfbfdb5bb99528.sql,9a170.sql
a10e71d29f5afb930e8af4ed5d91ab2af88f5125.sql,9a171.sql
a5eccdb88e464758c079ad45a4fda2dae7ca1fd1.sql,9a172.sql
a71f7f4e8b787e178b74b30c765bf5edec1ba453.sql,9a173.sql
a8ab1a75f1788917724892d8921fc63a74032b6e.sql,9a174.sql
a9c48088602c02e89af9a66a24c7a7f54be7f249.sql,9a175.sql
aa0859b43a011d50228839b45d9e2c6ebf53e658.sql,9a176.sql
aa7f2715b32f9b86cf3133c7b84eaa23a5741627.sql,9a177.sql
aad3a005250e867ba3ede272ae51d0c4d53b8057.sql,9a178.sql
ad89da121cf4ebd730759c7c550909916d648f21.sql,9a179.sql
ae321a305be61210e27c17dd89ea4ed4717fd999.sql,9a180.sql
ae7227d8bdd334fc4141c17ad607a71eebc5464f.sql,9a181.sql
b104da22336d85b779d90838337d9a62e2a9687c.sql,9a182.sql
b1be52459332af1a4f140611e0aa9037ac712eda.sql,9a183.sql
b309ae0ef7e15415ff135a54c59e3c8f122cba72.sql,9a184.sql
b422f8daf76fcd0c18f25a1f162aee8acbac9248.sql,9a185.sql
b4cfd7206a4fac8315d53649944c15b056c7767b.sql,9a186.sql
b67d1bbfc6ceceac9ed8d45c8d23ea80c9c9d107.sql,9a187.sql
b72b068f04632619bc6e1f91473c830ec4461e4c.sql,9a188.sql
b88b376764344bb33780259701b54c2390d3a252.sql,9a189.sql
b8f034f598a177fe1c67a70e796b10079db42fc5.sql,9a190.sql
b95fcc1ce200175b9dfa3c6941e10ce0c091880a.sql,9a191.sql
b97b075190315c5055afa004dcbccedf82c4e9e3.sql,9a192.sql
ba300ec32a7710fabeb02c9131de475f3b41d407.sql,9a193.sql
bac7a8e2bf108c900b03c8c0f53b734888919c2a.sql,9a194.sql
bb6a86f03dd98fd69ca1e399daa4ed027e0de2e4.sql,9a195.sql
bbaf8c76bf900b96f11df7b883b0eac32a6cc7a2.sql,9a196.sql
bbc74a1e3a2aa4751f518632bd135ee23b54429e.sql,9a197.sql
bc1a8993eb34bd412622947fb3742d9d3e80b865.sql,9a198.sql
bcd4d0e22757322473920d5bce333a38076048d2.sql,9a199.sql
bdaff5eaf957a6ccd29b07c4446bdfe52b01be17.sql,9a200.sql
bf8234ebfa20693373ec773f4629dfe9a26675bb.sql,9a201.sql
bfd7d3f2149843a40380577b90e8f11c365b7f75.sql,9a202.sql
c09d46b1eb429bab5c29542b0239f3f84410e580.sql,9a203.sql
c0b0b17678d2e44b96386d56061ad324623fed97.sql,9a204.sql
c28fff4b2bc833998344faa0f1cff2ff9d7ad682.sql,9a205.sql
c35921aa620e46ef8bd0f3869a154aa39e253ed3.sql,9a206.sql
c3b768e2731ce91ed78e89e46092b04197d17fc3.sql,9a207.sql
c3cf8d02574b823661358cf78ee395923ddfbd35.sql,9a208.sql
c50fd831dc1d8b03610de44170cb31a6c0b24d60.sql,9a209.sql
c94774b89fc890b1120852f399322b848457695e.sql,9a210.sql
ca2fdd054735959ecdcfd1490e9f9c8b207cef19.sql,9a211.sql
d044380cabdae217ffd075b2528b107ed98d6911.sql,9a212.sql
d07f3874b223b909352cc916ad941b94d76ff39e.sql,9a213.sql
d15aa981cca3c4db6c8a782795b7e25e4fa7106b.sql,9a214.sql
d3b6143ecbe3cd093947c1ede35ab2bab76c6dd2.sql,9a215.sql
d6108f5c36a1071e583d57c69b2d883d90462f0f.sql,9a216.sql
d72182d6e4e5b2c05a4b171568565f433b587e1f.sql,9a217.sql
d7420231f11b27b2e588f7b12a7b2b98b5370afa.sql,9a218.sql
d88bc8dd4fc7aeb8028c8ca99a68b0d5a77efbe0.sql,9a219.sql
d922083491c9c7a68052eecaa213487c92d25b3b.sql,9a220.sql
daa217ad17e1c3bd84071891e4799d0ae3e8b98f.sql,9a221.sql
daca8bbc68b0b192343ffe6a53644f3ce50b6cd6.sql,9a222.sql
db4e88a75cb4436461d3e18870143129636128f1.sql,9a223.sql
dcb170f44f3312f76e4843c0753c604d36994bd6.sql,9a224.sql
dd6a8941f3207031a0875a974d43a5034c8749cc.sql,9a225.sql
ddc206013d4da5c130f40a80dcd80a19ed4d60b0.sql,9a226.sql
de609001db425e14bc649d3405f5d5862e38274c.sql,9a227.sql
de7e66a3f3fb53774f267689628599ec493f0dbf.sql,9a228.sql
e02755c4044e0d04a6e82edc3bd4fc67405b4d63.sql,9a229.sql
e09011e295fd17e763ac80731002d37c8cc5b85d.sql,9a230.sql
e17b86bfe4d1a55b19ed80e189a6e156918e1ebd.sql,9a231.sql
e2a7e574f735d3011534fc4812b64b58588b3c31.sql,9a232.sql
e40dcacc8c2ef1d3d35aed7b4d2d39322fa5fce5.sql,9a233.sql
e4a793b10e153fbb9029ee1ac9d0245afe6dd578.sql,9a234.sql
e50df2e84dafb8ed1516fb19315512ef14fe3bef.sql,9a235.sql
e5403aad3ad4576c5f343da9b25d951ebca3341f.sql,9a236.sql
e92ca6b2ef16f8e871bdd282504ec94dfad71166.sql,9a237.sql
ec3f5e4e460bf4293b09d80575168060e85c1484.sql,9a238.sql
ecd3fc088f8350a667ec1548f6908199ec74ab72.sql,9a239.sql
ed2fddf4a1c44ca4727904ca5c2fd4e34c577b9e.sql,9a240.sql
ed3fa6486be68b0a6f90a48a6348ee64f3910a3d.sql,9a241.sql
edd963a65e82d6a6b2f0ead33bf56cc5087f0d18.sql,9a242.sql
f06bd56918e7541e49647830070101e7a860931a.sql,9a243.sql
f11ba80d73285f5adb5004ec0b6a9005c130eb93.sql,9a244.sql
f2ff5bf9998c71b97dc8899ec13d6c674b3bf4af.sql,9a245.sql
f533274d004749a87492f77e1693cc7aa789fb3d.sql,9a246.sql
f5755bcac125f3e41aa9c982f3030805e450932f.sql,9a247.sql
f5967535fa4e43f43e047bb7585b38af444a9afb.sql,9a248.sql
f66c20458eae7782aa8860f583efbc2350703774.sql,9a249.sql
f7739302f2ce4a214c54f1f71172f469659665de.sql,9a250.sql
f833f8043f6813e939e5d0bac94ea221066d0331.sql,9a251.sql
f9b084096143c66bb2c21f577e97215add32b31e.sql,9a252.sql
f9e346b6da94c77330c5b05ad4f047ef3178f0cc.sql,9a253.sql
f9e8f97c87624270d14996277af8a965cdf26b37.sql,9a254.sql
fa38c5593991960131c6272202e9d1c13dadaecc.sql,9a255.sql
faf77457c325fa2cc8d826fe83351e94e4cc2ecd.sql,9a256.sql
fb1c5918d6bb22ded10fc303399195eb8d31fbc1.sql,9a257.sql
fbb68a8386312131c982d7ced65d1e6ae82cca46.sql,9a258.sql
fdb4aac1c5a5a92a398608e49d1033ccc680ee14.sql,9a259.sql
